<?xml version="1.0" encoding="UTF-8"?>
<!-- DTD tady musi byt!!! -->
<!DOCTYPE konfigurak SYSTEM "psi.dtd">

<konfigurak>
<pocitac jmeno="linux1" typ="linux">
	<rozhrani>
		<jmeno>eth0</jmeno>
		<ip>3.3.3.1</ip>
		<maska>255.255.255.0</maska>
		<mac>00:01:02:03:04:05</mac>
		<nahozene>true</nahozene>
	</rozhrani>
	<routy>
		<zaznam>
			<adresat>3.3.3.0</adresat>
			<maskaAdresata>255.255.255.0</maskaAdresata>
			<rozhraniKam>eth0</rozhraniKam>
		</zaznam>
		<zaznam>
			<adresat>0.0.0.0</adresat>
			<maskaAdresata>0.0.0.0</maskaAdresata>
			<brana>3.3.3.254</brana>
			<rozhraniKam>eth0</rozhraniKam>
		</zaznam>
	</routy>
	<ip_forward>0</ip_forward>
	<natovani>
		<pooly>
		</pooly>
		<prirazeniVice>
		</prirazeniVice>
		<access-listy>
		</access-listy>
	</natovani>
</pocitac>

<pocitac jmeno="linux2" typ="linux">
	<rozhrani>
		<jmeno>eth0</jmeno>
		<ip>3.3.3.254</ip>
		<maska>255.255.255.0</maska>
		<mac>00:01:02:03:04:05</mac>
		<nahozene>true</nahozene>
	</rozhrani>
	<rozhrani>
		<jmeno>eth1</jmeno>
		<ip>1.1.1.1</ip>
		<maska>255.255.255.0</maska>
		<mac>00:01:02:03:04:05</mac>
		<nahozene>true</nahozene>
	</rozhrani>
	<routy>
		<zaznam>
			<adresat>1.1.1.0</adresat>
			<maskaAdresata>255.255.255.0</maskaAdresata>
			<rozhraniKam>eth1</rozhraniKam>
		</zaznam>
		<zaznam>
			<adresat>3.3.3.0</adresat>
			<maskaAdresata>255.255.255.0</maskaAdresata>
			<rozhraniKam>eth0</rozhraniKam>
		</zaznam>
		<zaznam>
			<adresat>0.0.0.0</adresat>
			<maskaAdresata>0.0.0.0</maskaAdresata>
			<brana>1.1.1.254</brana>
			<rozhraniKam>eth1</rozhraniKam>
		</zaznam>
	</routy>
	<ip_forward>1</ip_forward>
	<natovani>
		<pooly>
		</pooly>
		<prirazeniVice>
		</prirazeniVice>
		<access-listy>
		</access-listy>
	</natovani>
</pocitac>

<pocitac jmeno="cisco1" typ="cisco">
	<rozhrani>
		<jmeno>FastEthernet0/0</jmeno>
		<ip>1.1.1.254</ip>
		<maska>255.255.255.0</maska>
		<mac>00:0b:0c:0d:0a:01</mac>
		<nahozene>true</nahozene>
		<nat>soukrome</nat>
	</rozhrani>
	<rozhrani>
		<jmeno>FastEthernet0/1</jmeno>
		<ip>2.2.2.1</ip>
		<maska>255.255.255.0</maska>
		<mac>03:08:b7:30:24:e1</mac>
		<nahozene>true</nahozene>
		<nat>verejne</nat>
	</rozhrani>
	<routy>
		<zaznam>
			<adresat>3.3.3.0</adresat>
			<maskaAdresata>255.255.255.0</maskaAdresata>
			<brana>1.1.1.1</brana>
		</zaznam>
	</routy>
	<natovani>
		<pooly>
			<pool>
				<pJmeno>ovrld</pJmeno>
				<ip_start>2.2.2.60</ip_start>
				<ip_konec>2.2.2.60</ip_konec>
				<prefix>24</prefix>
			</pool>
		</pooly>
		<prirazeniVice>
			<prirazeni>
				<accessCislo>1</accessCislo>
				<poolJmeno>ovrld</poolJmeno>
				<overload>true</overload>
			</prirazeni>
		</prirazeniVice>
		<access-listy>
			<access-list>
				<cislo>1</cislo>
				<ipA>1.1.1.0</ipA>
				<ipAWildcard>0.0.0.31</ipAWildcard>
			</access-list>
		</access-listy>
		<staticke>
			<in>3.3.3.1</in>
			<out>2.2.2.70</out>
		</staticke>
	</natovani>
</pocitac>

<pocitac jmeno="cisco2" typ="cisco">
	<rozhrani>
		<jmeno>FastEthernet0/0</jmeno>
		<ip>2.2.2.254</ip>
		<maska>255.255.255.0</maska>
		<mac>00:0b:0c:0d:0a:01</mac>
		<nahozene>true</nahozene>
	</rozhrani>
	<routy>
	</routy>
	<natovani>
		<pooly>
		</pooly>
		<prirazeniVice>
		</prirazeniVice>
		<access-listy>
		</access-listy>
	</natovani>
</pocitac>

<kabelaz>
	<kabel>
		<prvni>linux1:eth0</prvni>
		<druhy>linux2:eth0</druhy>
	</kabel>
	<kabel>
		<prvni>linux2:eth1</prvni>
		<druhy>cisco1:FastEthernet0/0</druhy>
	</kabel>
	<kabel>
		<prvni>cisco1:FastEthernet0/1</prvni>
		<druhy>cisco2:FastEthernet0/0</druhy>
	</kabel>
</kabelaz>
</konfigurak>
